14869,113294,1
94148729,174884,12
107063168,69150,51
206190473,187869,54
366785495,79194,20
1518557569,128565,14
1631993135,167749,11
1824455883,163005,61
1974257555,159607,3
2631032036,59938,3
2871215682,96956,4
3263715775,175543,2
3630328841,150784,1
3700393331,183406,43
3775808773,179056,13
4121531561,170880,0
4250967218,172852,168
4325883276,154836,15
4536164848,156552,8
4610769284,126118,3
4799338571,165637,0
4961056346,178115,2
4985370562,143222,7
5015543251,118352,14
5109773805,88273,48
5132540127,50676,45
5192533194,55755,10
5520070698,52185,4
5556243580,83293,2
5588145709,196374,4
5803107906,176822,9
5894409679,100593,4
6070652003,75833,4
6282072256,140986,0
6511781602,122792,25
6538187625,109967,13
6571699451,172349,64
6755931673,110546,3
6782270865,168143,183
6836480572,116268,0
6884384252,111674,63
6958927128,140212,2
7004153008,171095,11
7013983004,119944,12
7019313671,164575,15
7040736999,171819,0
7170482454,192493,50
7189169516,56481,1
7201783336,107052,12
7240361129,188088,1
7305193863,62900,12
7384961259,53549,19
7395755336,60150,14
7438847635,199483,6
7466928911,110088,16
7482303124,171707,4
7502253558,162904,0
7615016083,118774,0
7631279273,171344,2
7713221568,99713,3
7721525410,33282,7
7788022731,159395,9
7842798343,148938,3
7872243662,155948,6
7980755507,134705,0
8086308019,196396,185
8089341614,156720,1
8089343129,183641,56
8090011755,68442,11
8098431776,61526,6
8138226597,109598,28
8186059783,131612,3
8250160517,126339,19
8259812269,135863,2
8270660152,168815,0
8302488669,120685,1
8341303353,183334,13
8345725222,106811,41
8350550236,164132,5
8366160890,57257,5
8369937465,134574,9
8379977468,80761,4
8402358030,147210,0
8437912536,97982,3
8473109649,106593,1
8551204647,102549,17
8568327253,78212,0
8569159999,118587,0
8616303948,174323,31
8652707568,147136,0
8663216170,36489,4
8764334478,91005,3
8805439890,49601,30
8842533636,120089,54
8854211033,110425,0
8861345358,143784,3
8866835351,121001,2
8898647116,113585,3
8908992270,168089,15
9005398443,140701,9
9010273518,105896,173
9016031741,143577,28
9018088623,142722,1
9045718426,113327,51
9047066203,74263,45
9050365189,143672,0
9087840867,173075,5
9104706012,101017,10
9123684009,70406,8
9140037254,189479,19
9152559160,97556,38
9191815404,56607,4
9204205578,82974,3
9209071029,148223,6
9218750680,70913,10
9232245421,111680,0
9244016680,93304,2
9263530220,154910,8
9284530876,59892,5
9288398920,188970,192
9288741577,182171,5
9297146589,172869,26
9298001881,160571,58
9323867761,95480,5
9327490054,102815,8
9331262474,142966,3
9344952012,183816,13
9347659193,130861,13
9348142235,171810,7
9410915521,142695,2
9457379442,185695,0
9460136069,183410,3
9469309118,157630,78
9489018376,78668,8
9491018178,163566,3
9491221786,195373,24
9499215965,165647,4
9501412256,187645,11
9507488149,133503,31
9509951260,53632,33
9514592569,187880,3
9520958580,37797,1
9525988897,100551,97
9540545507,174715,3
9545120915,93102,9
9547679243,197302,3
9551950300,64265,7
9555947254,137196,1
9570321297,159803,0
9571252803,47774,12
9580959167,126075,3
9630505956,98244,1
9631831069,76977,1
9632101790,98039,64
9639225491,102191,8
9647102099,130232,0
9658033427,199942,5
9662757817,82982,28
9668563559,165391,0
9669185520,164282,5
9679719900,181739,164
9693813074,155989,8
9694386008,168116,36
9712461441,121164,9
9716845603,113175,4
9729413237,85420,12
9754984773,197929,59
9755798897,174832,1
9756537978,86608,5
9757431427,52323,58
9757741265,134683,5
9775984017,37343,74
9780114805,192376,8
9788013841,133495,0
9790715917,68453,5
9798651920,198138,31
9803598389,108031,33
9813055079,183445,95
9818454583,78738,0
9833736340,94661,39
9834675066,77611,1
9836213528,187981,4
9845849285,117146,5
9850008576,61962,4
9855583839,136523,20
9855971499,138401,8
9859468270,118461,13
9860200347,169647,1
9862376541,117574,8
9868309793,71899,1
9874150082,168401,2
9890904027,126163,2
9898700374,79080,28
9900025440,132466,8
9901849222,169479,9
9902202628,116058,50
9903813613,132843,83
9904057569,44754,13
9904395853,138988,20
9906980539,156255,1
9908168032,43611,17
9911099249,139589,16
9923738246,149322,4
9927244466,196213,16
9929411334,97945,2
9931403733,183645,0
9933239690,167329,19
9935539076,165734,2
9936593491,115234,3
9937194937,102897,1
9938576106,92840,37
9943502013,139804,13
9943649320,172430,1
9944490861,46230,4
9947011801,109405,3
9949089157,146166,125
9949973577,27004,7
9950057518,162489,21
9950264690,49078,0
9950408639,74276,64
9953266338,58784,7
9954869529,152501,2
9962809453,128603,19
9964032700,37970,158
9967515801,108124,150
9971849798,62742,1
9972010147,118443,5
9974294794,62162,1
9976019844,174286,14
9976246295,190170,6
9976480028,127305,2
9988260338,159319,17
9996885446,156517,1
10002286632,140503,15
10002974717,169439,0
10007567876,74003,38
10008340421,113972,1
10014452439,186105,11
10017836596,127820,5
10018586088,82659,33
10020069359,36717,6
10022139689,120084,2
10029032213,173319,0
10030150902,135009,6
10034387834,189142,6
10042232886,108925,20
10051764547,193969,5
10059022046,117491,2
10061664919,38175,4
10065149796,192031,3
10067071868,102675,13
10072075386,126795,4
10072947944,178877,22
10074694909,144289,0
10074970067,49319,31
10079834984,178181,19
10083941552,113041,2
10085774171,103748,6
10086113865,186594,0
10088495944,65919,46
10088918121,75141,98
10090947651,105164,2
10092628186,168422,0
10093807217,82033,7
10095712549,177322,0
10096608845,162527,38
10100413265,150478,13
10100788644,79703,11
10104337237,189158,3
10106222537,160194,0
10109463260,141221,9
10115990856,198304,2
10120858262,44408,1
10124186620,166734,1
10125939236,86151,6
10129797669,120514,5
10131376256,148868,4
10131429369,159948,5
10132942162,122699,12
10135498039,79288,6
10144029641,115825,58
10144655276,128972,1
10145746188,129361,7
10149379061,144712,3
10150277655,88806,1
10154510054,174898,2
10155871550,134631,42
10158889338,175097,2
10162977158,106663,0
10164932973,30851,3
10165049905,146477,3
10166913279,150646,9
10167101155,166393,1
10167440670,113643,1
10168739435,181757,0
10169181494,71742,34
10171240294,199930,20
10172268254,175203,19
10173683873,192768,4
10175537531,80139,4
10178398951,93146,26
10183169964,170744,3
10186942080,92579,1
10189269805,146569,0
10191371179,169414,0
10191977204,97393,20
10192080714,44198,11
10193895522,44343,11
10194975782,113253,3
10195769904,126219,8
10197000442,104194,2
10197655659,162083,36
10199572043,71497,0
10200675132,30913,8
10200967795,96836,69
10202306862,74444,8
10203754148,159542,3
10203897323,48645,18
10204451451,158848,4
10206417347,60038,5
10208169864,106228,2
10209847796,137023,45
10209887609,107178,21
10210408551,89430,3
10211832375,177423,3
10217367338,163655,3
10218910347,45612,42
10222062073,112200,0
10226258719,190809,1
10226305195,163068,2
10228498512,175517,2
10228886962,177465,7
10229164100,163105,4
10230336892,140117,6
10234465547,41546,0
10236006582,148335,36
10236352934,50996,0
10239326074,122842,42
10240160537,77069,0
10240183399,185097,1
10241689561,86172,1
10242242609,146437,52
10242374939,55699,7
10242503961,157883,174
10247467836,157567,86
10248511598,69951,13
10250735567,107808,8
10253700254,192583,4
10254611984,166773,8
10255903592,53980,2
10257166412,152700,4
10257477074,100676,33
10261686543,90625,18
10262020687,33675,2
10264590561,144501,155
10264876325,84801,27
10266123229,191501,0
10267159321,139018,0
10267300666,130811,16
10267959643,158039,8
10270216447,142772,24
10271076564,122537,9
10271518855,78863,5
10277239107,116139,3
10278874625,144383,2
10280728654,140541,23
10280893693,58885,5
10281956977,122256,1
10282704953,108646,0
10283815421,135860,1
10285302275,55405,3
10286814410,67082,4
10287429571,59178,13
10287829596,129204,27
10288364615,167935,1
10289973645,174101,0
10291341620,59279,46
10292162256,141396,13
10294731728,170257,8
10297642174,70572,9
10298332836,103532,37
10299246479,170398,3
10299671550,106508,5
10301691788,133031,1
10303455599,88487,6
10304127107,82432,26
10307702918,122328,3
10307877389,172910,1
10308442951,173693,6
10308788038,82519,20
10309293974,164080,17
10309933094,98755,37
10310815845,177157,35
10312797165,98865,6
10314523374,145398,14
10314680396,92506,40
10315546012,75514,3
10315959203,148322,15
10323220670,195434,1
10323552074,116360,1
10324992820,122961,12
10326202132,77314,17
10327679249,73598,4
10327972776,82673,6
10330669343,148340,1
10331770980,77885,1
10332546075,154478,2
10332900690,157046,10
10334078611,166652,17
10335126649,57182,32
10335398170,185058,83
10335751422,85782,5
10337527467,104577,20
10338886687,155483,1
10339916211,45514,4
10340682849,52009,3
10341255349,74350,99
10341261393,112162,4
10341479987,132941,20
10344807033,72836,22
10346705722,109199,7
10347545981,157908,0
10348572703,183246,153
10350369420,189121,0
10350786395,135573,6
10351243353,97882,15
10352155555,145972,9
10355075653,193905,1
10357335089,151715,1
10357647158,107623,10
10358958456,78038,21
10359428476,158544,4
10359913591,128672,2
10360562797,113386,1
10362461154,139259,38
10362699557,159300,22
10364753275,180970,67
10364792062,122673,2
10367522335,58096,9
10367942929,78670,4
10370154884,174869,6
10370594748,72256,6
10375323520,158007,12
10375516413,199549,1
10375524038,139261,31
10377234862,83119,2
10377438262,157148,14
10383709681,184232,55
10383836868,171610,1
10384454116,185415,1
10385629967,88288,47
10386116389,199595,2
10387400496,113942,6
10388159734,186416,17
10388864949,148609,0
10389677355,190916,1
10390088659,119376,5
10390617644,82104,2
10390816298,66200,2
10392886397,66223,0
10393045942,54325,7
10393364874,122191,4
10393442602,50416,7
10393596928,102067,17
10393867884,159186,7
10394693948,47552,7
10395356651,121791,9
10397503985,102923,6
10398214556,93812,18
10398419107,161216,1
10398872124,138467,28
10399123839,52035,8
10399259606,104321,4
10399756605,36544,94
10399933677,93304,3
10401405966,162765,4
10404215444,167421,3
10404268770,108617,6
10405019019,78302,18
10405070912,42090,0
10405394348,152203,1
10405848660,148425,1
10406545509,118015,5
10407049645,126332,14
10410039420,45356,136
10411590664,79297,138
10412512205,182259,1
10413095202,170895,8
10414403570,88349,11
10414570778,91508,7
10415492823,195353,4
10416531907,104269,10
10416964886,88358,2
10418000970,173850,0
10418180545,79764,3
10418416275,115941,17
10418561698,197773,42
10419060802,135483,3
10419238448,194821,7
10420010247,49157,7
10420634088,170763,5
10421178857,181613,3
10421386140,160185,6
10422120538,102294,23
10422399654,138679,4
10424091886,67418,2
10424286063,143228,0
10424606021,93780,1
10425299687,152778,74
10425493951,104172,2
10427707164,58915,10
10428075680,164729,3
10430951414,184175,77
10430974056,192059,11
10432123175,96225,13
10435221643,95364,8
10435466486,117375,16
10435635579,173035,0
10436266602,173972,31
10436748796,176198,13
10439296107,76377,5
10440015337,138418,26
10440481346,122615,0
10440616655,78483,1
10440972075,151136,0
10441264257,48277,9
10442242614,78245,12
10444244219,134882,7
10444358488,142042,0
10445484041,160272,4
10447776303,59595,3
10448963710,54718,1
10451310420,107006,9
10452208366,50665,6
10453050715,141779,240
10453331333,182756,31
10453561724,181807,8
10458864360,66535,2
10459351525,143080,1
10459653307,177254,1
10459704991,120160,8
10460288582,80494,28
10460394867,100328,2
10461024108,145102,67
10462797898,113736,6
10463151691,85745,1
10464302753,139376,47
10464334582,194584,0
10464603988,177908,15
10464626761,106286,25
10465120967,160115,13
10465459682,125494,45
10466091955,159183,0
10468929051,117000,15
10469724749,119222,40
10469872189,145405,2
10470053342,167957,1
10470152858,144926,5
10470196966,110660,5
10470451890,86671,13
10471786668,143094,23
10472449476,191570,5
10473285082,141858,1
10473882556,155254,95
10474622194,173675,2
10475146140,181002,3
10475364851,93829,6
10475398863,140034,114
10475815625,192704,25
10476372494,56832,15
10476654615,53604,179
10477621014,146781,1
10478030715,98847,3
10478797238,148077,12
10479218899,159513,16
10479555421,187547,0
10479805176,130520,51
10479854173,72544,43
10480669510,86603,6
10480684551,174882,74
10480966757,189542,96
10481060811,139917,0
10481234956,144101,4
10486632065,54030,0
10487585603,122405,1
10487683920,124233,6
10487828083,164959,4
10489280614,186204,3
10490018462,159536,2
10490778947,145451,3
10491021578,170694,3
10491789546,97265,21
10492480298,117112,5
10492979891,152458,4
10493067236,120318,5
10493474577,85025,1
10493557896,113128,0
10493600829,60429,11
10493684271,126567,21
10494372998,102768,4
10494537563,154062,73
10495302029,89152,41
10495384573,189069,31
10495479987,116732,7
10497212139,112985,63
10497697438,48454,17
10499158292,184429,11
10499369305,80099,3
10499662812,128039,3
10499762659,56799,32
10500039794,69281,3
10500099066,149326,3
10500116818,131275,8
10501727602,90274,18
10501981553,137962,4
10502828727,60709,11
10502841334,149643,7
10502863578,106298,8
10503205752,58282,4
10503530977,159277,100
10504022081,197461,5
10504048823,191981,5
10504257786,152186,11
10504476297,126480,12
10504990256,182552,13
10505977028,169902,3
10506035416,79177,0
10506307646,97821,23
10507098098,174910,0
10507576550,89558,1
10508546686,100639,0
10509567598,197219,6
10509720732,96944,4
10510407368,152821,26
10511383856,180732,160
10512762801,138147,0
10513130730,61258,1
10513133281,94852,0
10515047591,173249,10
10515563731,52358,51
10516154179,124235,10
10516606370,96401,43
10517254408,125324,21
10518329171,78030,17
10518656655,147447,7
10518993376,81072,6
10519535128,98994,12
10520500846,78825,1
10520918378,76492,1
10521488006,57584,2
10521801612,99134,67
10524876834,119196,3
10525361900,142147,5
10526425662,91172,2
10526579124,144747,3
10526696712,149707,8
10526766899,112291,8
10527581034,145121,63
10527631402,75333,10
10530505498,96566,3
10532002523,172094,5
10533278351,81029,7
10533393638,195381,62
10533931848,98471,5
10534790607,138992,10
10535361238,184335,3
10535933399,92650,0
10536604725,84418,4
10537357530,65773,8
10537617086,131088,21
10538002376,164638,0
10539062236,147557,3
10539107892,41864,3
10539352970,107906,12
10539574684,179076,128
10540401091,137530,2
10540893766,131119,4
10544364795,50625,3
10544717557,162881,16
10544721676,187645,17
10545358816,143897,83
10546418429,170773,40
10547090414,94160,24
10547771437,131452,2
10547988616,164061,21
10548297777,115905,13
10548469213,181541,5
10548505430,84804,29
10549155777,100905,0
10549290688,83528,5
10549383994,177868,9
10549426568,72140,1
10550348888,130573,0
10550387843,190330,63
10551814433,142427,45
10551925675,37020,54
10552490435,122914,31
10552882638,80527,3
10552946559,140193,12
10553207809,101929,7
10554476978,43689,12
10555813455,95385,6
10556290086,184452,5
10556573610,125289,4
10556779807,146453,30
10556896439,74382,1
10558440509,96803,6
10558639024,56495,14
10558716042,140291,30
10559731272,74526,6
10560676373,126278,10
10562112762,134462,2
10562472976,51974,1
10564083446,88174,2
10565054866,55026,3
10566313406,39133,27
10566557009,63631,14
10566562625,140839,0
10567904751,66147,74
10568861629,163593,29
10569108469,111937,0
10570398199,103993,0
10570437540,178723,6
10571524628,67795,0
10571847250,56792,5
10571863547,66352,3
10572956093,55171,13
10573819368,185972,42
10573934060,188696,0
10575476014,189666,8
10576582738,187278,0
10576798247,177209,9
10577296528,105139,3
10577660774,189942,18
10577714224,120403,2
10578033311,151731,5
10578586203,88368,3
10578956395,35301,130
10582954084,78676,2
10583293857,67976,8
10584425042,166739,18
10584682526,61888,10
10584703201,77462,6
10585230610,63544,20
10585403186,108273,1
10585456346,198916,44
10586028885,137216,4
10586305389,153661,16
10586862090,85207,21
10587409808,195002,4
10588822086,60160,9
10590683547,154126,15
10591599656,130870,1
10592349991,89976,0
10592783467,179681,9
10593075803,85248,28
10593877401,157283,24
10593895892,55711,1
10594218469,109106,37
10594220976,83519,9
10594223710,150070,62
10594457531,148446,26
10595249764,109533,13
10595950201,116739,1
10596648107,116043,49
10596876336,112633,9
10596965682,107196,3
10597959178,85623,9
10598448000,70910,0
10598448863,89909,0
10599141284,115778,1
10599314407,183620,5
10599837251,190695,29
10600810189,55347,13
10601225956,90072,33
10601438881,131606,2
10603436444,104442,0
10604233923,58023,33
10604573884,49936,5
10604945306,161367,23
10608683167,194078,25
10609222601,153086,16
10609589328,43414,15
10609880997,113092,11
10609904154,132308,47
10610373505,167547,4
10610481799,99171,26
10611823566,128832,3
10612813302,99364,8
10612947326,103293,12
10613269961,129096,0
10613311775,50736,13
10615531652,94223,76
10617278038,180537,28
10620331850,96672,3
10620763319,56282,6
10620855210,154492,5
10620869074,160639,66
10621140046,196725,5
10621411954,94702,31
10621478389,73829,94
10621814991,99728,1
10621990461,113563,17
10622054334,101614,171
10623349740,199298,39
10623498615,45252,6
10623981206,90687,12
10624087353,96512,0
10624476522,165981,29
10625567252,63684,0
10625958480,80426,15
10626240391,109686,0
10628094589,120610,3
10628094992,138564,5
10628544761,171390,1
10629373695,195221,34
10629734801,190494,50
10630975281,79483,1
10631088398,120448,7
10632036197,86665,5
10632403679,133087,8
10633666104,182804,3
10634732504,99611,1
10634912837,41910,11
10636848954,78562,15
10637055558,46425,24
10637106733,91216,22
10637252631,97601,49
10637433156,88603,22
10638395732,178439,1
10638570149,159251,21
10638655762,63303,32
10638758169,193914,101
10638937147,73798,15
10639368398,148000,38
10639960590,149339,14
10642906493,133692,6
10643473687,69335,11
10644046665,116922,53
10644100995,174429,127
10644332123,148858,5
10644639857,197697,62
10644723299,99973,244
10645387792,144420,11
10645877901,186401,12
10648176539,58263,5
10648291878,68932,17
10648351802,46210,5
10654839395,165884,6
10655054626,99831,4
10655705869,150754,70
10656201650,92328,147
10656666128,93459,111
10657642156,114401,1
10657965602,166179,42
10658094197,141593,102
10658232703,66003,14
10658597296,86751,18
10658785497,103614,22
10659646917,109833,34
10661654961,82190,10
10662102169,152732,4
10663063965,99282,13
10665384742,167881,29
10666654428,177663,145
10667278535,89066,2
10667419188,165491,136
10668030616,99791,22
10668037978,85181,77
10670765163,64269,20
10671097751,77833,3
10671365516,179752,4
10671647377,74320,4
10672585095,59756,8
10674580452,63849,9
10675529345,112507,25
10676061642,183227,20
10676539096,131056,19
10678412763,167953,4
10680928828,79841,131
10682931885,119773,7
10682982956,82683,3
10683150035,139778,5
10683466219,173279,9
10683822008,117001,54
10683842445,93789,7
10686063584,86853,6
10686309229,136919,2
10686522497,80566,92
10687006272,56110,48
10687556847,175874,35
10688404956,182862,13
10689142661,48842,4
10689544350,109801,59
10689656835,189588,24
10689841471,131381,2
10690564114,71218,68
10691057883,53098,83
10691092705,100522,16
10695444601,68324,23
10696100174,89756,35
10696488248,65691,21
10696967073,163894,47
10698078763,112248,11
10698514164,47733,17
10699115152,86039,2
10699968663,35918,91
10700597341,84774,2
10700923194,122243,4
10703066415,33238,53
10704239235,165574,17
10707800661,40856,26
10713284507,111231,6
10713505330,185849,0
10714952130,90566,50
10716286515,147594,18
10717118016,53136,164
10717390653,187159,34
10717679162,150415,0
10717863848,30499,2
10718212509,65516,0
10718682861,120416,92
10719365126,26492,17
10720098310,193580,1
10720410654,74018,2
10721164948,113845,26
10721719673,177085,12
10722135788,118027,3
10722310394,29123,2
10723753942,145995,11
10725449577,160705,87
10725899175,91472,30
10728159520,109942,46
10728202799,83009,2
10730049374,94358,9
10731105273,84597,34
10731841050,119738,0
10731880024,91749,1
10732441489,109633,8
10732496687,69698,2
10732841664,47630,2
10733063202,89705,39
10733113231,194198,78
10733296667,34572,21
10733733276,171280,64
10733798942,191061,5
10733961531,158405,0
10734293742,161957,31
10735193495,113095,0
10735219017,55120,16
10735699263,67093,106
10735798384,131783,3
10735918701,171096,4
10736518348,88207,0
10736658153,94851,2
10737279699,170225,2
10737327407,30028,0
10737484345,182568,44
10738173540,57416,14
10738376316,33817,0
10738786975,81013,25
10739456906,61886,38
10740022930,189696,7
10740066042,144137,1
10741076062,76258,1
10741848391,81355,4
10742126690,41850,13
10742278032,108606,0
10742399927,95713,2
10742898168,73187,65
10742920492,112674,25
10743549104,149685,1
10743576199,162876,43
10743583427,169174,102
10743588238,148983,30
10746562212,40899,8
10746984537,101055,9
10747257567,171496,5
10747435807,91159,2
10747696161,75270,56
10748155432,51040,64
10749062975,129076,7
10749136746,191715,66
10749534350,45360,57
10750522434,116221,26
10750972393,92690,6
10751138674,99839,36
10751306791,75009,3
10753914620,55821,28
10754385761,161968,4
10754568241,98393,64
10755279115,57959,26
10755789390,86416,45
10756145732,123168,44
10756296536,149582,20
10756679011,117780,8
10757077396,130555,38
10757091610,117692,8
10757215323,59495,9
10757325297,161846,2
10757388597,109313,7
10757607480,80297,12
10757677056,90879,127
10757728712,102487,8
10757900080,95757,23
10758128240,133051,0
10758953270,163839,1
10759748530,30662,0
10759802709,36837,32
10759809321,116707,8
10759830364,31789,120
10759911266,30283,11
10759983505,43589,26
10760147022,116082,2
10760384730,77875,17
10760877617,138334,29
10761001555,78247,116
10761017948,179044,53
10761255286,137301,74
10761425303,133891,95
10761512306,123065,1
10761528404,52758,2
10761577699,190206,7
10761717358,60297,130
10762297162,171115,49
10762318853,117973,6
10762546555,136523,1
10762671082,37176,80
10763063765,74502,36
10763218422,45591,4
10763313185,66441,3
10763319566,31375,8
10763436320,165170,57
10763454909,198265,124
10763690492,113907,11
10763724163,46366,3
10763830934,59762,87
10763877448,95377,11
10763893553,180143,70
10763952814,157399,0
10764114584,115525,11
10764157610,79321,41
10764184828,98573,51
10764239797,44689,16
10764240163,115356,4
10764262569,151792,18
10764279212,65076,151
10764283075,66198,24
10764289725,109677,23
10764315058,85596,21
10764358448,48865,4
10764403849,61257,6
10764413874,103148,25
10764439418,89413,36
10764441689,126332,36
10764459786,34507,33
10764460788,33014,23
10764461104,138980,4
10764465459,117740,54
10764466168,76649,1
10764486632,49894,14
10764497887,45795,24
10764508637,190346,100
10764535265,51076,1
10764539302,73622,117
10764542736,114640,65
10764561318,107809,108
10764567683,62628,77
10764572017,72676,6
10764578896,153150,170
10764580823,60047,0
10764591789,120569,45
10764610873,159728,31
10764626056,127257,13
10764628421,115321,4
10764633350,66157,43
10764657799,48269,0
10764665412,82916,21
10764684597,61852,39
10764688906,47234,33
10764714302,81313,47
10764719172,41566,30
10764733123,82498,0
10764754130,49705,2
10764763219,31354,39
10764765014,117870,12
10764786900,37796,2
10764789057,134367,3
10764796709,55277,35
10764798138,163356,1
10764805651,76102,59
10764814680,126260,128
10764841309,167397,17
10764854820,141108,117
10764856821,30335,1
10764858379,76925,1
10764871456,141232,13
10764882454,107473,0
10764885026,194372,113
10764888893,116445,61
10764900556,92723,39
10764902332,49526,2
10764916583,118907,18
10764949634,57812,23
10764956683,57336,135
10764969681,83154,87
10764982726,114904,5
10764994156,86641,1
10765007867,46973,4
10765017516,51038,40
10765018590,61458,72
10765028905,84153,0
10765029471,31204,20
10765032841,51323,143
10765036556,64745,42
10765039205,196427,17
10765063975,129043,39
10765081896,101418,3
10765086626,71207,92
10765090682,45307,24
10765109938,32389,43
10765120275,43332,147
10765151704,49144,1
10765158297,56071,82
10765171902,129941,125
10765181405,31325,1
10765228942,107675,26
10765229953,115648,195
10765251204,54788,7
10765254648,66364,14
10765256495,115440,49
10765268729,66301,4
10765270378,69480,4
10765272524,34921,52
10765274806,115051,154
10765276510,36328,3
10765315837,48532,6
10765325094,102867,225
10765345961,152383,195
10765346328,170970,6
10765363245,38932,81
10765366505,62342,70
10765368377,65845,9
10765401755,39840,0
10765417190,88984,41
10765428116,115781,55
10765445821,34939,1
10765448381,114412,17
10765457222,104509,32
10765473388,115799,0
10765482591,117404,55
10765482619,60894,5
10765501732,198456,2
10765511922,75512,58
10765518653,163764,115
10765518708,138740,74
10765518822,99406,11
10765519414,133568,12
10765519901,60724,0
10765519918,129794,196
10765531365,42473,108
10765548946,185559,2
10765559627,55474,32
10765566024,50872,0
10765568909,55562,62
10765572238,47772,103
10765574502,124828,66
10765574586,77230,59
10765582113,40330,42
10765584215,127730,1
10765587606,28513,81
10765594060,122960,73
10765594628,175262,23
10765597889,46365,222
10765599781,46159,1
10765601024,42841,52
10765620959,54222,101
10765630220,48625,49
10765631461,102045,98
10765639313,46515,38
10765650517,131794,1
10765653050,39584,7
10765657137,91264,177
10765663381,46645,76
10765666924,54650,40
10765674331,158175,32
10765677986,143569,17
10765678789,96996,36
10765682099,36156,10
10765683191,60371,63
10765707128,128115,106
10765711316,98045,1
10765732748,61304,15
10765737222,93670,78
10765737293,38135,14
10765743765,56866,0
10765752622,93721,23
10765766892,76365,1
10765776166,46121,41
10765793911,161450,0
10765826916,137614,24
10765841870,78392,1
10765850928,72355,14
10765887490,109740,1
10765896728,142101,2
10765899691,169981,28
10765938995,131515,6
10765942696,100170,18
10765947791,71195,33
10765977186,33133,26
10765984497,51666,2
10765995316,66084,5
10765995709,37114,66
10766002746,81512,23
10766028320,134353,6
10766031034,140151,7
10766055034,38810,23
10766059309,97851,8
10766061633,55474,55
10766062117,59118,116
10766079701,66735,61
10766083698,184993,13
10766089848,111283,16
10766139869,57941,18
10766141580,159235,108
10766146226,28763,24
10766160246,56166,2
10766163513,172525,7
10766183640,86499,5
10766197221,138126,4
10766205177,105548,7
10766216552,48028,24
10766218646,82462,45
10766221531,47044,7
10766225457,47063,79
10766229008,59538,12
10766234422,144298,2
10766237396,59518,175
10766249496,96429,3
10766252289,76987,16
10766271666,82598,1
10766323637,60805,17
10766341914,47956,2
10766356734,42932,3
10766367207,35307,82
10766373537,62261,50
10766374301,75946,5
10766375271,49152,4
10766394133,153951,58
10766399290,189619,2
10766405584,111487,18
10766406307,162882,62
10766407286,94436,33
10766407459,85164,12
10766407465,107951,25
10766407469,156023,27
10766408337,96641,106
10766408400,79217,3
10766410548,154850,54
10766410563,92893,39
10766438738,50379,30
10766444490,58830,3
10766452841,121198,4
10766484311,114866,106
10766493545,119390,1
10766496132,96144,10
10766497182,103388,31
10766503125,46285,32
10766510320,74552,1
10766543857,37658,32
10766556036,149037,73
10766560923,51279,126
10766561572,39254,13
10766561982,150560,2
10766562878,66249,42
10766576067,44256,39
10766591585,41788,66
10766617538,46253,1
10766620705,29213,44
10766623003,114804,0
10766626749,87125,6
10766628664,46006,1
10766631529,134414,120
10766637714,71696,29
10766637746,109830,182
10766638564,70014,11
10766645183,53954,24
10766651044,67273,0
10766652139,174819,3
10766660286,62115,2
10766663801,35491,67
10766701012,57514,13
10766707435,90237,22
10766719122,31467,23
10766736177,47035,41
10766746862,53574,2
10766747100,44409,50
10766767862,52640,74
10766775543,130584,60
10766778458,158115,40
10766780419,115367,115
10766804417,137714,55
10766808733,106002,22
10766810353,64403,43
10766816247,67060,6
10766826976,106354,3
10766861637,36404,87
10766869774,68875,1
10766872155,109943,71
10766874780,63646,134
10766874967,83628,61
10766879856,77972,15
10766884671,45200,4
10766910906,113077,63
10766975126,58620,120
10766984985,117173,180
10766988389,66391,101
10767023823,50962,117
10767067514,56909,2
10767134035,49133,91
10767158368,86880,52
10767163249,39252,56
10767174564,68047,100
10767193816,32040,52
10767250718,50138,43
10767250769,52404,52
10767256869,80440,171
10767292530,47737,1
10767297550,47672,43
10767318307,65584,10
10767328023,58959,68
10767342112,44166,4
10767345816,62107,6
10767348847,57098,47
10767349868,65780,3
10767358508,68388,31
10767371993,53138,62
10767377288,92044,3
10767396400,56041,0
10767409110,121392,50
10767410372,76435,132
10767419626,77881,9
10767494536,54863,165
10767568917,168238,8
10767573126,57279,46
10767585412,34735,4
10767661811,62649,44
10767674569,82270,89
10767687961,46348,19
10767692990,67568,111
10767705988,50692,41
10767710231,31764,13
10767767803,65693,74
10767851418,113920,182
10767856156,70024,82
10767876809,38628,2
10767907320,85219,81
10767956055,47944,23
10768001697,27267,26
10768006677,45310,1
10768015495,115417,98
10768037111,21986,39
10768038653,33029,25
10768050104,24783,30
10768056953,27228,70
10768069442,28977,128
10768084263,23640,98
10768104291,25154,45
10768113492,39556,86
10768128625,30746,79
10768163453,39205,118
10768207394,53638,5
10768218207,22588,31
10768232169,23742,37
10768250906,24232,42
10768281632,63845,53
10768282181,60975,44
10768282279,46150,13
10768300433,61518,36
10768314358,25214,115
10768349140,49024,88
10768362534,20505,115
10768370201,21470,185
10768383287,21706,50
10768389008,21493,102
10768389029,29067,177
10768389068,29519,129
10768389086,34013,139
10768410533,44730,32
10768428269,90603,112
10768446167,28227,54
10768453524,24082,99
10768488635,31817,184
10768489794,24833,41
10768494211,24705,130
10768625912,28217,65
10768631490,20847,41
10768639886,22276,64
10768682042,24896,32
10768696638,32043,32
10768745106,26641,62
10768746457,30618,66
10768768903,33918,203
10768771978,30229,75
10768814167,34009,67
10768861430,31965,246
10544475590,4958090,308
4265040296,84355151,230
1203586126,29206896,161
7486575214,14523330,3
7032822708,53822004,11
6693961654,831199,1
4964341065,3517486,4
4003087704,6369293,3
10764105980,305697,1137
10094225577,60418403,1863
3537231381,11709657,1
10299762956,35895386,1119
9414779573,8511059,14
1543468866,118690189,6
1442319803,28704092,22
3725188011,36487628,84
6619706214,2905509,112
6822858969,21415871,11
9917678692,53761126,332
10373433303,370427,2
1267991351,120097439,477
10157870202,216984,13
6236127114,30502098,113
10599366539,200816,95
10093273910,4866714,212
9395290485,416858,0
6651491108,69623075,531
9612258541,2814074,138
10293195667,724584,5
7525776296,18149572,120
128736782,3856191,14
5438768950,628902,0
9428420214,11128516,24
8421515131,28947567,8
7521068412,122395150,5
5336664797,160666368,37
6550576239,5265201,42
8359799244,37543570,68
3993350901,51927903,4
3702291837,2167628,38
9003825222,18561442,23
3836061705,9061551,0
8706728954,5572844,9
8476801780,399031,2
10381189313,17379443,1300
7335709185,5898998,22
2015716173,6042254,44
9675229740,35294416,125
10058464262,1232048,2
4627006865,14949911,0
8991167772,13826685,23
3278712531,5346553,7
10122167868,1211232,42
7719766419,33189099,159
10498122245,875991,13
10456038371,3896981,7
8746130045,570286,152
10232632495,18833781,501
6098829166,14159392,111
2949123069,668892,14
2097056340,296542147,6
10677805895,158415,288
6757877520,6901707,0
7669564993,1047671,1
3311051251,1803826,6
6825814450,30000250,353
3956331292,5841043,20
9007074526,328567,7
7521982181,506670,3
9639771576,829328,0
10526970283,988994,3
8799094487,33202333,874
5496708796,12443262,1
8868608169,1547674,0
8646579144,4075868,20
6446313435,27868011,13
10749825826,1925515,97
7377271805,1162976,0
10765091041,8568759,7216
10590998713,859320,22
3035756922,1551771,0
10406930906,1456459,2
10522829344,3578658,407
5680462790,37379102,10
10051171367,16393703,8
7030416430,94675763,434
5514414906,1228009,0
9690592115,6259001,21
8998973728,878534,22
7414497778,78102879,1440
10547659739,266570,12
10765779661,1154598,340
10138416900,1939305,6
6635513269,4139270,5999
10765203500,345557,179
8188414457,15104275,72
2451345397,9571755,2
6769588935,5035084,27
1566011973,13278681,30
8047051397,843253,43
9238112384,1375903,0
7386047198,2127645,249
2823940025,13500028,12
6474265861,4294026,0
10185432484,326052,17
8034003710,1016448,4
6500721879,1207761,6
10631990166,310893,96
9894620541,582122,0
9181562262,3364269,8
10557195078,509048,2
9671774542,1986000,0
5039839070,353051465,9440
7344582593,337917566,2194
4967590651,2335051,1
7064448265,8483647,51
10159083602,5054273,492
10069043526,41142995,1769
7311470068,31465057,113
10269482409,50524721,2649
9483747132,570803,0
10263545541,1210094,26
9218811826,233880,15
8753232982,13065913,6
6630162012,7190857,9
4937728394,95753701,48
9940108374,404080,14
9866702716,19974152,228
3642023933,1041823,6
2135430017,402746520,44
4201225365,5078990,22
5269942725,30476526,197
10493021975,617179,30
5447254496,67825980,59
10764694390,1358339,1230
9417842337,299086,0
10337737507,437539,113
2717209656,27401666,263
9067189974,101720152,4446
9030083862,578618,5
10335105369,3029436,620
9729201188,1629379,24
10030455535,4023400,24
7139547730,54201166,443
10124575031,325839,7
381673735,37968855,2
10764686084,966062,72
4363131662,162680053,14
10764819425,1172814,222
10061124506,66158352,1476
7374063713,24004161,79
10550194015,967713,0
8420673556,7023307,0
4270575893,112854498,11
7725683062,740674,1
9523939431,5890157,26
5397263373,18809591,13
9642011381,744767,12
69530376,768828839,48
7320428544,13524333,31
9899040447,1910338,81
5831966758,1512701,0
9931467439,4629452,33
4108497357,21925815,23
10480673805,9750543,1281
7786733324,589006,12
10544102645,266254,16
10406644118,3488023,3
6238108442,10951419,24
8922130419,91959,261
5480635455,8058545,1
10070919425,2008370,7
10035204815,226127239,161431
6512172,22187776,12
10351491576,1929110,26
8187617875,1482568,21
9840596428,3544197,14
940024091,207443806,49
4277354541,16020541,896
8771893968,1949927,55
7930613650,451441,58
6933501243,7741668,25
2525552067,1722912,45
6954752429,34655260,192
10186245589,238750,1
3277513376,66970066,1
3499025207,19777544,31
9829160070,2090168,18
2933841940,3883766,16
10044436774,1879393,7
4659088237,4696286,6
4704747204,1889703,32
10662463285,9084956,569
9771750723,1226511,6
10111195774,377413,10
5553575670,45206489,75
7346972408,35269518,28
10022554328,6467471,69
10395343577,9650428,502
9438247464,2904696,57
6487371209,1300735,6
10070735220,406051,5
10766045871,45427,272
6288104616,6629776,23
7989331058,457781,3
9215656586,3319026,7
10754356208,8104583,1042
8913675853,40310522,99
9547290877,1215387,0
9977834037,944378,59
9630427308,24935073,45
4523073360,10768885,4
7086210268,2982229,13
6710237041,903371,76
2733949600,601448,0
8379124282,33476194,14
1005391673,20121816,311
10289772052,482829,29
10127090395,127351246,198
6787644864,115919435,1953
10290319886,748380,274
6650762160,20246964,165
155045722,16969907,20
3017302003,22926613,29
10507249902,1607089,515
2547466305,31734886,104
6768613538,10432265,80
2872549142,88517306,44
1524368576,16456738,54
8279030903,17653905,126
3012965062,678436598,5119
9965294920,3418812,0
6907084894,24388533,118
7531153985,373406,0
10745315844,8180094,2613
9827056352,2416335,16
6531526721,9302915,16
10070263947,2678013,13
4786621740,9582622,4
10200228555,1390092,33
10227379868,2034661,15
9756990817,1032893,2
7001634994,3028029,0
9758554002,1753453,25
9293113801,694709,127
6061754921,5034826,0
3747388906,47980196,1744
3840518707,89517098,98
10654151743,3504409,1926
9502869184,4620241,130
8632368737,4206473,4
9442804276,1451743,25
9324222908,1206984,3
9720192955,470736,11
2395874968,107022560,47
10759245732,961778,432
10624127696,995643,8
10579801740,1696615,403
3876918648,3443125,8
2609108761,18489569,27
9251333102,34662208,160
8405030340,359783,2
4193117721,14026585,28
7094518649,373021730,10337
6086518932,9156466,4
6057699512,949935637,26
10058790851,5137683,70
9608676299,3666987,42
4981344777,1677847,4
9414767629,14381434,71
5917179822,4443959,36
7531760227,1123979,13
9693515126,26188970,578
7113090462,25988283,8
3195917432,68006815,369
9576662887,525289,4
10114274993,863770,34
3868765721,6291165,0
2263385355,72217079,14
10613024117,939155,0
10076743628,3384209,55
575986901,2880022,32
3717250353,182741563,686
6880967138,4782168,10
5581652019,2188956,2
9287156634,927081,4
9827937904,14479183,78
9805959160,1030020,5
6520292534,49678487,122
9237413406,954111,5
2541731671,2559407,56
5541016328,37152532,6
8996789396,21098319,4
32211175,94427033,766
9125794995,14235325,1224
7349264112,2093183,8
9651385042,14704292,57
7618685732,1768899,41
9437267092,775224,3
10133881637,2206988,2
10682830768,363125,68
9831686066,1743722,9
5318216113,41311386,7
6049446718,53512692,183
7762712538,92788804,35
6597785714,6798053,3
2536030669,30019324,5
10240412525,517835,1
10083728993,5640151,3
2621511041,75296349,2374
8017887842,26068239,108
2496573457,8163500,62
2251388500,192835001,3443
10267440969,2360469,16
9784332672,824767,3
9907451536,4587008,81
10037830167,281296,0
5374806162,7829211,5
2478815382,27963491,60
9932304386,2431995,5
3318338602,26167993,31
5971182459,12449951,1
2912125744,15790257,15
10330325351,2364464,120
2886635826,411249679,9
10762706359,202418,8
6862377948,28431232,301
9263518569,211489,0
4497460596,182565781,1300
10195899255,343869,22
7057374933,21488831,3
10237685218,862251,0
10327032366,3260533,67
1859597048,636020377,231
10459145008,3624459,1
3386778029,28596004,11
9391839953,3592636,1
10642053112,1280476,51
10263767875,657079,241
10176263763,1847636,4
10003805840,1706177,28
8062101952,3951219,0
7287667070,25981006,302
6344494863,23223682,1
10747911114,328293,11
8029276585,1356775,9
6919628453,2021892,1
7359098240,1795890,56
9182993462,9439105,0
4755804497,49365132,2
10576945379,1054527,385
7807415288,5491222,29
9664605713,1121577,1
8058794025,22992348,750
3088609243,750725461,2020
254394801,1481858381,171
9670412885,2851604,0
10465140931,6707572,406
10166335815,30460254,314
3936209910,5466250,1
3116356543,10131161,33
10063122764,14182749,409
6509934674,10480749,27
9921258578,1577693,0
4791277194,73450286,3
8555180200,768721,112
2920990541,7550225,67
7022628744,12834826,77
8855901409,919599,31
7615589600,1152582,96
5385674359,522689598,3597
9547570477,2948472,95
10088748477,4009075,80
7845959363,102140057,14
10418905860,2412050,2
10625609269,9302307,0
10030089551,340145,0
180358774,624679456,104
10741226195,203047,43
10129330093,826639,10
7799144626,1389784,2
10695019484,875826,20
4034530348,45629597,32
4839802560,3996857482,39648
7335437420,15866159,201
4379549868,8738247,91
4135306442,41181381,2
5335099325,4771583,0
7449742868,1160905,28
7575005808,10432622,46
10387635049,8533163,4610
6469903124,11936083,4
8466214519,1479510,0
6330509601,45582179,22
10765666801,261519,496
10519433634,2076228,0
7328877831,58885185,255
9918466084,370855,7
9840222090,859178,0
7133745388,11609464,8
2270890905,53155720,177
3689624207,1454720,11
10519584865,258744,11
7507368286,1469365,0
2031579354,16448904,39
78351145,219076834,262
8319570212,605772,0
4754574238,40454377,8
10534587272,5921886,461
7299752101,17173609,27
5481079327,6590634,17
9568126878,420584,3
10120569105,3875275,403
9474751753,1340434,47
10155273776,308730,0
281775259,470054,1
3187874989,185954790,4527
10766364164,1883638,2202
5193569427,8865172,70
10094653184,18749343,247
1722988797,79590696,194
8853301381,10105763,37
10259487745,315024,0
10123425581,248910,3
5159285551,4582756,12
9491734750,1481039,20
4685545565,40666212,171
1933119009,174133040,0
7939389895,83421246,1060
8795689050,3420764,6
1862416941,12544812,35
8682480627,15742989,115
6457220888,9314661,19
10764835795,187274,255
7108878083,6109027,55
10737003346,3259094,163
4012249773,234560,1
8621841544,1052786,147
10151528938,1378592,94
9286845170,353767,2
10463578886,8645927,908
5314134228,9867181,76
6886037408,20480094,9
5493234246,10289040,0
5803439864,2108102,0
9332329897,19276712,101
1190648473,252537678,65
5844427042,84863306,1797
8301479228,3097535,94
9327921583,270480,0
10748486954,4339667,1411
7088784977,54685343,174
7373996861,14658167,41
5426973533,3907500,9
4161237157,1536581,7
9041290346,5669145,40
1826628366,3806491,5
9746034104,2510165,89
6682736901,3243827,20
6251337391,2019327,10
9679237710,737385,45
8562618273,107870854,267
7887260759,6777153,33
6755910214,6746275,0
6689372882,4706977,3
1140288770,8413952,30
10664602858,304182,204
6115864417,1867644,31
9205829530,11402257,195
8246061632,5153606,4
7533439482,1847572,3
2943850166,139121186,2283
7539883665,92545398,55
8592668198,10987571,19
10552056914,3318946,266
9939849638,272835,0
9221949930,10752678,841
10764536241,799971,0
10058439210,359259,2
8288130680,385681,0
1316421563,332852537,376
4378287124,13236787,6
7291847864,1021088,10
5831168907,2526670,12
10248584254,11274431,5
7355832373,8398506,7
1806079642,12543042,11
4170320550,23724682,15
10338671567,3762224,6
9522015993,137144961,1198
8504786132,14859971,4
8019620353,4498188,46
9534954610,610457,1
10393727533,3587415,26
9949510146,361081,3
4387139795,1783711,12
9073111071,343482,0
10230578056,46624015,90
6052381448,432504,10
7198662681,6665690,17
